year,basis,low_EUR_per_MWh,central_EUR_per_MWh,high_EUR_per_MWh,low_factor_vs_2025,central_factor_vs_2025,high_factor_vs_2025
2025,actual (user data),81.12,81.12,81.12,1.000,1.000,1.000
2026,linear interpolation,76.16,77.23,78.57,0.939,0.952,0.969
2027,linear interpolation,71.19,73.34,76.02,0.878,0.904,0.937
2028,linear interpolation,66.23,69.45,73.47,0.816,0.856,0.906
2029,linear interpolation,61.26,65.55,70.92,0.755,0.808,0.874
2030,AF25 anchor,56.30,61.66,68.36,0.694,0.760,0.843
2031,linear interpolation,55.09,60.86,67.56,0.679,0.750,0.833
2032,linear interpolation,53.89,60.05,66.76,0.664,0.740,0.823
2033,linear interpolation,52.68,59.25,65.95,0.649,0.730,0.813
2034,linear interpolation,51.47,58.45,65.15,0.635,0.720,0.803
2035,linear interpolation,50.27,57.64,64.34,0.620,0.711,0.793
2036,linear interpolation,49.06,56.84,63.54,0.605,0.701,0.783
2037,linear interpolation,47.86,56.03,62.73,0.590,0.691,0.773
2038,linear interpolation,46.65,55.23,61.93,0.575,0.681,0.763
2039,linear interpolation,45.44,54.42,61.13,0.560,0.671,0.754
2040,AF25 anchor,44.24,53.62,60.32,0.545,0.661,0.744
2041,linear interpolation,45.44,54.29,60.72,0.560,0.669,0.749
2042,linear interpolation,46.65,54.96,61.13,0.575,0.678,0.754
2043,linear interpolation,47.86,55.63,61.53,0.590,0.686,0.758
2044,linear interpolation,49.06,56.30,61.93,0.605,0.694,0.763
2045,linear interpolation,50.27,56.97,62.33,0.620,0.702,0.768
2046,linear interpolation,51.47,57.64,62.73,0.635,0.711,0.773
2047,linear interpolation,52.68,58.31,63.14,0.649,0.719,0.778
2048,linear interpolation,53.89,58.98,63.54,0.664,0.727,0.783
2049,linear interpolation,55.09,59.65,63.94,0.679,0.735,0.788
2050,AF25 anchor,56.30,60.32,64.34,0.694,0.744,0.793
